id_amostra,olimpiada,escola_norm,co_municipio,uf,rede_grp,n_linhas,ano_min,ano_max,link_status,link_score,faixa_similaridade,co_entidade,no_escola_cand,cand2_co_entidade,cand2_no_escola,cand3_co_entidade,cand3_no_escola,correto,co_entidade_correta
1,OBMEP,COLEGIO LIMA MOTA,2304400,CE,privada,1,2024,2024,revisao,82.8,80-85,23267658,LIMA NOGUEIRA COLEGIO,23071400,SANTA ISABEL COLEGIO,23073730,MA MONTENEGRO COL IRMA,,
2,OBMEP,ESCOLA TECNICA JOSE HUMBERTO DE MOURA CAVALCANTI,2608909,PE,publica,15,2016,2025,auto,100.0,100,26525801,ESCOLA TECNICA ESTADUAL JOSE HUMBERTO DE MOURA CAVALCANTI,26069571,ESCOLA MUNICIPAL PRESIDENTE HUMBERTO DE ALENCAR CASTELO BRANCO,26146185,ESCOLA MUNICIPAL JOAO HERACLIO DUARTE,,
3,OBMEP,PAIQUERE C E E MEDIO,4113700,PR,publica,2,2024,2024,sem_match,60.5,60-70,,,,,,,,
4,OBMEP,ESCOLA ESTADUAL SENADOR EVANDRO DAS NEVES CARRERA,1302603,AM,publica,3,2016,2016,auto,99.0,95-<100,13103393,ESCOLA ESTADUAL SENADOR EVANDRO DAS NEVES CARREIRA,13030507,ESCOLA ESTADUAL LEOPOLDO NEVES,13030922,ESCOLA ESTADUAL SENADOR CUNHA MELO,,
5,OBMEP,FIEB PROFESSORA DAGMAR RIBAS TRINDADE UNIDADE MARIA CRISTINA,3505708,SP,publica,71,2024,2025,auto,94.1,90-95,35444091,ITB PROFESSORA DAGMAR RIBAS TRINDADE,35009787,IVANI MARIA PAES PROFESSORA,35006019,ITB PROFESSORA CRISTINA GOLDSTEIN BARREIROS,,
6,OBMEP,SANTA BARBARA COLEGIO ESTADUAL ENSINO FUNDAMENTAL E MED,4102901,PR,publica,26,2016,2025,revisao,85.4,85-90,41115635,SANTA BARBARA C EEF M N PROFIS,41384741,SANTA IZABEL C E CEF M,41115317,CLARA C E DO C IREF M,,
7,OBMEP,0209006 ESCOLA MUNICIPAL FRIEDENREICH,3304557,RJ,publica,1,2018,2018,sem_match,71.2,70-80,,,,,,,,
8,OBMEP,ANTONIO DE CASTRO FIGUEIROA ENGENHEIRO EM,3501152,SP,publica,15,2016,2025,auto,96.2,95-<100,35240138,ANTONIO DE CASTRO FIGUEIROA ENGENHEIRO ESCOLA MUNICIPAL,35016020,HONORINA RIOS DE CARVALHO MELLO,35274227,ISAURA KRUGER PROFA ESCOLA MUNICIPAL,,
9,OBMEP,COLEGIO ESTADUAL AFFONSO PENNA,3304557,RJ,publica,1,2024,2024,auto,96.6,95-<100,33068011,CE AFONSO PENA,33062277,CE CUBA,33068844,CE BAHIA,,
10,OBMEP,COLEGIO EXPONENCIAL,4204202,SC,privada,18,2017,2024,sem_match,60.5,60-70,,,,,,,,
11,OBMEP,EEPSG QUERENCIA,5107065,MT,publica,11,2016,2025,sem_match,75.0,70-80,,,,,,,,
12,OBMEP,ESCOLA PROFESSORA YOLANDA,5208707,GO,privada,1,2019,2019,sem_match,48.8,<60,,,,,,,,
13,OBMEP,SECUNDINO DOMINGUEZ FILHO DOUTOR,3550308,SP,publica,2,2017,2017,auto,96.9,95-<100,35001776,SECUNDINO DOMINGUES FILHO DOUTOR,35902512,MIGUEL MUNHOZ FILHO,35004698,ANGELO MENDES DE ALMEIDA DOUTOR,,
14,OBMEP,ESCOLA ESTADUAL ENSINO MEDIO ILHA DE GURIRI,3204906,ES,publica,13,2016,2019,revisao,83.8,80-85,32019270,EEEFM 27 DE OUTUBRO,32016573,EEEFM XIII DE SETEMBRO,32019050,EEEFM CORREGO DE SANTA MARIA,,
15,OBMEP,ESCOLA ESTADUAL,3540200,SP,publica,5,2016,2019,sem_match,57.1,<60,,,,,,,,
16,OBMEP,NOSSA SENHORA DOS REMEDIOS COLEGIO,3534401,SP,privada,2,2024,2024,sem_match,39.3,<60,,,,,,,,
17,OBMEP,CENTRO EDUCACIONAL SEBASTIAO BACK,4214805,SC,publica,14,2017,2025,sem_match,75.0,70-80,,,,,,,,
18,OBMEP,MARIA HELENA CHESINE PROFESSORA EM,3528403,SP,publica,9,2016,2025,auto,95.4,95-<100,35274288,MARIA HELENA CHESINE PROFESSORA ESCOLA MUNICIPAL,35274306,MARIA LUCIA DE ALMEIDA LUCCA BITTENCOURT PROFESSORA EM,35274240,THEREZA CARAMANTE CHESINE PROFESSORA ESCOLA MUNICIPAL,,
19,OBMEP,COLEGIO OBJETIVO DF UNIDADE V,5300108,DF,privada,1,2024,2024,revisao,80.0,80-85,53014820,COL SISTEMA OBJETIVO,53014111,COLEGIO IDEAL - UNIDADE III,53013875,COL SERIOS,,
20,OBMEP,ESCOLA MUNICIPAL ENSINO FUNDAMENTAL E PE PROFESSOR ISABEL LILIA ROSA DE SOUZA,4206504,SC,publica,3,2024,2025,sem_match,75.5,70-80,,,,,,,,
21,OBMEP,ESCOLA DE 1O GRAU MANOEL MOURA DE SOUZA,2702405,AL,publica,3,2016,2018,revisao,87.5,85-90,27217140,ESCOLA MUNICIPAL DE EDUCACAO BASICA MANOEL MOURA DE SOUZA,27003515,ESCOLA ESTADUAL FRANCISCA ROSA DA COSTA,27003329,ESCOLA MUNICIPAL DE EDUCACAO BASICA SAO JOSE,,
22,OBMEP,ESCOLA MUNICIPAL BELO HORIZONTE,2407708,RN,publica,1,2016,2016,auto,100.0,100,24062260,ESCOLA MUNICIPAL BELO HORIZONTE,24070858,ESCOLA MUNICIPAL FATIMA ARANHA,24062200,ESCOLA ESTADUAL CARLOS GOMES,,
23,OBMEP,EB MUNICIPAL FREI CIPRIANO CHARDON,4204301,SC,publica,6,2017,2025,auto,91.3,90-95,42133122,EBM FREI CIPRIANO CHARDON,42123208,EBM CONCORDIA - CAIC,42049652,EEB DOMINGOS MAGARINOS,,
24,OBMEP,COLEGIO ESTADUAL DEM DE 2O GRAU DOUTOR ROMULO ALMEIDA,2928703,BA,publica,5,2024,2025,revisao,83.5,80-85,29171610,COLEGIO ESTADUAL DEMOCRATICO DOUTOR ROMULO ALMEIDA TEMPO INTEGRAL,29400350,EE - COLEGIO ESTADUAL RENATO MACHADO,29171920,ESCOLA MUNICIPAL MADRE MARIA DO ROSARIO DE ALMEIDA II,,
25,OBMEP,UNIDADE ESCOLA JOAQUIM BORGES DE OLIVEIRA,2209351,PI,publica,1,2025,2025,sem_match,77.6,70-80,,,,,,,,
26,OBMEP,EB MUNICIPAL PROFO MARIO BONESSI,4207502,SC,publica,3,2017,2019,sem_match,78.0,70-80,,,,,,,,
27,OBMEP,CENTRO INTEGRADO EDUCACAO PUBLICA BRIZOLAO 179 PROFESSOR CLAUDIO GAMA I E MOYSES,3305109,RJ,publica,1,2018,2018,revisao,81.5,80-85,33047979,CIEP 398 MARIO LIMA,33104271,CIEP 397 PAULO PONTES,33092192,CIEP BRIZOLAO 138 DAUTA JOBERT BARRETO,,
28,OBMEP,COLEGIO SANTO ANTONIO,3106200,MG,privada,134,2017,2025,sem_match,73.7,70-80,,,,,,,,
29,OBMEP,UI MIN HENRIQUE DE LA ROQUE,2107506,MA,publica,4,2016,2018,auto,94.1,90-95,21008663,EM MIN HENRIQUE DE LA ROQUE,21007446,CENTRO DE ENSINO ERASMO DIAS,21008388,CENTRO DE ENSINO VITORIO SILVA,,
30,OBMEP,EEEB PROFESSOR FERNANDO LEITE CAMPOS,5108402,MT,publica,3,2017,2019,auto,92.5,90-95,51043084,EE PROF FERNANDO LEITE DE CAMPOS,51043211,EE PROF MARIA LEITE MARCOSKI,51093120,EE PROF MARLENE MARQUES DE BARROS,,
31,OBMEP,JOSE DO PATROCINIO,3550308,SP,publica,6,2016,2024,auto,100.0,100,35054148,EMEF JOSE DO PATROCINIO,35901751,JOSE PORPHYRIO DA PAZ,35925457,JOSE DE SAN MARTIN,,
32,OBMEP,ANGELO BARROS DE ARAUJO PROFESSOR,3510500,SP,publica,15,2016,2025,auto,100.0,100,35909919,ANGELO BARROS DE ARAUJO,35049116,ANTONIO DE FREITAS AVELAR PROF,35375172,RICARDO LUQUES SAMMARCO SERRA PROF EMEFEBS,,
33,OBMEP,SAO JOSE COLEGIO AGOSTINIANO,3550308,SP,privada,35,2018,2025,sem_match,77.8,70-80,,,,,,,,
34,OBMEP,JOAO F NEVES C E E FUNDAMENTAL MEDIO,4108650,PR,publica,2,2016,2018,revisao,82.1,80-85,41098838,JOAO F NEVES C E DREF M,41099192,PINHALZINHO C E C DEEF M,,,,
35,OBMEP,ESCOLA ESTADUAL ENSINO MEDIO SILVA GAMA,4315602,RS,publica,8,2017,2025,auto,97.4,95-<100,43113605,ESC EST ENS MED SILVA GAMA,43113478,ESC EST ENS MED BRIGADEIRO JOSE DA SILVA PAES,43113451,ESC EST ENS FUN SALDANHA DA GAMA,,
36,OBMEP,CENTRO INTEGRADO DE EDUC NAVARR DE BRITO,2933307,BA,publica,4,2016,2019,revisao,88.1,85-90,29277680,CENTRO INTEGRADO DE EDUCACAO LUIZ NAVARRO DE BRITO,29277990,CENTRO TERRITORIAL DE EDUCACAO PROFISSIONAL DE VITORIA DA CONQUISTA,29361923,CENTRO MUNICIPAL DE EDUCACAO PROFESSOR PAULO FREIRE,,
37,OBMEP,FERNANDES TAVORA EEFM SENADOR,2304277,CE,publica,2,2017,2018,auto,94.9,90-95,23137657,EEMTI SENADOR FERNANDES TAVORA,23137550,EEF 04 DE JUNHO,23137444,HERMINIA ALVES PEREIRA EEF,,
38,OBMEP,UE PADRE LUIS BRASILEIRO,2211100,PI,publica,1,2016,2016,auto,93.3,90-95,22030042,ESCOLA MUNICIPAL PADRE LUIS DE CASTRO BRASILEIRO - EMPLCB,22029451,ESCOLA MUNICIPAL ALCIDES RODRIGUES - EMAR,22030204,CETI MARCOS PARENTE,,
39,OBMEP,ESCOLA MUNICIPAL ENSINO FUNDAMENTAL PROFESSOR ESMERALDA BERTOLLI LABRONICI,3507001,SP,publica,21,2016,2025,auto,99.3,95-<100,35244119,ESMERALDA BERTOLLI LABRONICI PROFA EMEF,35273132,HELIO ZACHARIAS EMEF,35561265,WANDERLEY ROSA DA SILVA PROFESSOR EMEF,,
40,OBMEP,ESCOLA MUNICIPAL REPUBLICA ARABE DA SIRIA,3304557,RJ,publica,2,2018,2018,revisao,81.8,80-85,33076480,E T E REPUBLICA,33085064,1019005 EM REPUBLICA ARABE DA SIRIA,33086443,0121002 ESCOLA MUNICIPAL PEDRO BRUNO,,
41,OBMEP,CENTRO INTEGRADO EDUCACAO PUBLICA BRIZOLAO 270 ATAIDE DIAS,3301009,RJ,publica,1,2018,2018,revisao,84.0,80-85,33163049,CIEP BRIZOLAO 416 WILSON BATISTA,33094080,CIEP BRIZOLAO 481 ARNALDO ROSA VIANA,33099294,CIEP BRIZOLAO 269 FRANCISCO PORTELA,,
42,OBMEP,CSRL EXTERNATO SAO JOSE,5208707,GO,privada,6,2024,2025,sem_match,46.2,<60,,,,,,,,
43,OBMEP,UNIDADE ESCOLA JACOB BARBOSA,2203305,PI,publica,1,2019,2019,sem_match,66.7,60-70,,,,,,,,
44,OBMEP,BENTO DE SIQUEIRA PROFESSOR,3528858,SP,publica,7,2017,2025,auto,100.0,100,35027900,BENTO DE SIQUEIRA PROFESSOR,,,,,,
45,OBMEP,ESCOLA DE EDUC INF E ENSINO FUNDAMENTAL FRANCISCO TAVARES ABREU,2304285,CE,publica,4,2016,2019,revisao,89.7,85-90,23064447,FRANCISCO TAVARES DE ABREU EEIEF,23064420,ESC DE EDUC INF E ENS FUND EVANDRO AYRES DE MOURA,23064587,PAULO SA EEF,,
46,OBMEP,COLEGIO FORCA MAXIMA DE DUQUE DE CAXIAS LTDA,3301702,RJ,privada,1,2024,2024,sem_match,51.9,<60,,,,,,,,
47,OBMEP,ESCOLA AGROTECNICA FEDERAL DE MANAUS,1302603,AM,publica,4,2016,2017,sem_match,66.7,60-70,,,,,,,,
48,OBMEP,ANTONIO DE RE VEREADOR,3518800,SP,publica,7,2018,2025,auto,100.0,100,35006026,ANTONIO DE RE VEREADOR,35035701,ANTONIO GROTKOWSKY PASTOR E VEREADOR,35921385,ELISIO DE OLIVEIRA NEVES VEREADOR,,
49,OBMEP,CELY TEREZA GREZZANA C E E FUNDAMENTAL E MEDIO,4105409,PR,publica,14,2016,2024,auto,92.3,90-95,41091159,CELY TEREZA GREZZANA C E CEF M,41143728,SANTA INES C E CEF M,41091523,SAO LUIZ E E CEF,,
50,OBMEP,JOAO C DA COSTA C E E FUNDAMENTAL MEDIO,4117800,PR,publica,7,2016,2025,revisao,82.9,80-85,41095537,JOAO C DA COSTA C E CMEF M,41095901,JOAO PAULO II C EEF M,41597940,ZUMBI DOS PALMARES C E CEF M,,
51,OBMEP,ANTONIO M BARROS COLEGIO ESTADUAL ENSINO FUNDAMENTAL ENSINO MEDIO,4113700,PR,publica,34,2016,2025,revisao,86.3,85-90,41029712,ANTONIO DE MORAES BARROS C EEF M PROFI,41030630,DARIO VELLOZO C EEF M,41029623,ANA MOLINA GARCIA C EEF M,,
52,OBMEP,EB MUNICIPAL PROFESSORA ADELIA LUTZ,4215802,SC,publica,14,2016,2025,auto,98.6,95-<100,42097983,EB MUN PROF ADELIA LUTZ,42109906,EB MUN PROF LUCIA TSCHOEKE,42125170,EB MUN INTEGRAL PROFESSOR NEWTON MENDES,,
53,OBMEP,ESCOLA DE REFERENCIA EM ENSINO MEDIO DOM MIGUEL DE LIMA VALVERDE,2604106,PE,publica,8,2017,2019,auto,100.0,100,26054043,ESCOLA DE REFERENCIA EM ENSINO MEDIO DOM MIGUEL DE LIMA VALVERDE,26055082,ESCOLA DE REFERENCIA EM ENSINO MEDIO PROFESSOR LISBOA,26054027,ESCOLA DE REFERENCIA EM ENSINO MEDIO ARNALDO ASSUNCAO,,
54,OBMEP,MERCEDES CARNEVALLI KLEIN PROFESSORA ESCOLA MUNICIPAL ENSINO FUNDAMENTAL,3549904,SP,publica,53,2016,2025,auto,92.3,90-95,35056832,MERCEDES CARNEVALLI KLEIN PROFA EMEFI,35086022,VERA LUCIA CARNEVALLI BARRETO PROFA EMEFI,35905124,DIRCE ELIAS PROFESSORA,,
55,OBMEP,E MUNICIPAL PROFESSOR FLORISBELO NEVES,3201209,ES,publica,2,2016,2016,revisao,88.1,85-90,32052561,EMEBTI PROF FLORISBELO NEVES,32053622,EMEB PROFESSOR DOMINGOS UBALDO,32064926,EMEB PROF DEUSDEDIT BAPTISTA,,
56,OBMEP,ESCOLA ESTADUAL ABRAO MANOEL DA COSTA,5221403,GO,publica,1,2019,2019,sem_match,72.4,70-80,,,,,,,,
57,OBMEP,ESCOLA MUNICIPAL ENSINO FUNDAMENTAL ROTARY DOUTOR FRANCISCO BRASILEIRO,2504009,PB,publica,1,2025,2025,auto,91.9,90-95,25072820,EMEIF ROTARY DR FRANCISCO BRASILEIRO,25075071,EMEF TIRADENTES,25074091,EMEF ANIS TIMANI,,
58,OBMEP,PARAISOPOLIS ETEC,3550308,SP,publica,7,2017,2019,revisao,82.8,80-85,35413012,CEU EMEF PARAISOPOLIS,35439083,ETEC PAULISTANO,35003694,ETEC GUARACY SILVEIRA,,
59,OBMEP,ESCOLA ESTADUAL ENSINO MEDIO ANGELO BELTRAMIN,4314456,RS,publica,4,2017,2025,auto,97.7,95-<100,43102158,ESC EST ENS MED ANGELO BELTRAMIN,43102140,ESC MUN ENS FUND E EDUC ESPECIAL UNIAO,,,,
60,OBMEP,ABIGAIL DOS S CORREA ESCOLA ESTADUAL PROFESSORA ENSINO FUNDAMENTAL,4115705,PR,publica,19,2016,2025,revisao,81.5,80-85,41139976,GABRIEL DE LARA C EEF M PROF,41373650,MUSTAFA SALOMAO C EEF M,41139895,ABIGAIL DOS S CORREA E E CM PROFAEF,,
61,OBMEP,ESCOLA MUNICIPAL ENSINO FUNDAMENTAL ADELSON DELL SANTO,3203205,ES,publica,1,2025,2025,auto,99.1,95-<100,32097808,EMEF ADELSON DEL SANTO,32022786,EMEF ANGELO RECLA,32021950,EMEF JOSE MODENEZE,,
62,OBMEP,ESCOLA ESTADUAL ENSINO MEDIO GUAXINDIBA,3304904,RJ,publica,1,2024,2024,revisao,83.6,80-85,33091870,EEM MONSENHOR ALBUQUERQUE,33090394,EE FREDERICO OZANAM,33091854,EE CONEGO GOULART,,
63,OBMEP,ESCOLA MUNICIPAL JOAO LOPES DE ANGELO,2916005,BA,publica,1,2019,2019,sem_match,65.7,60-70,,,,,,,,
64,OBMEP,ARY DE OLIVEIRA GARCIA PROFESSOR,3513504,SP,publica,10,2017,2019,auto,100.0,100,35047818,ARY DE OLIVEIRA GARCIA PROFESSOR,35011685,JOSE DA COSTA PROFESSOR,35474873,WALDOMIRO MARIANI PROFESSOR,,
65,OBMEP,ESCOLA ESTADUAL MARIQUITA COSTA,5213806,GO,publica,1,2016,2016,sem_match,65.2,60-70,,,,,,,,
66,OBMEP,GREGORIO TEIXEIRA C E E FUNDAMENTAL MEDIO,4127106,PR,publica,1,2016,2016,revisao,88.6,85-90,41056221,GREGORIO TEIXEIRA C EEF M,41056353,MANOEL RIBAS C E EF M,41056035,BELA VISTA E EEF,,
67,OBMEP,COLEGIO ESTADUAL DE OLINDA,2609600,PE,publica,1,2025,2025,sem_match,60.3,60-70,,,,,,,,
68,OBMEP,COLEGIO CENTRO DE ESTUDOS BRITTO E VITOI LTDA ME,3301009,RJ,privada,15,2017,2025,sem_match,50.0,<60,,,,,,,,
69,OBMEP,ESCOLA MUNICIPAL JOSE EMYGDIO DE OLIVEIRA,3304557,RJ,publica,2,2017,2018,revisao,81.4,80-85,33076200,0515022 EM JOSE EMYGDIO DE OLIVEIRA,33079706,CE DALVA DE OLIVEIRA,33086591,CE PROFESSOR JOEL DE OLIVEIRA,,
70,OBMEP,PARA EEFM ESTADO DO,2304400,CE,publica,3,2017,2018,auto,92.3,90-95,23068833,EEMTI ESTADO DO PARA,23068841,EEMTI ESTADO DO PARANA,23068825,EEMTI ESTADO DO MARANHAO,,
71,OBMEP,INEI CENTRO EDUCACIONAL,5300108,DF,privada,1,2019,2019,sem_match,74.4,70-80,,,,,,,,
72,OBMEP,ERC CENTRO EDUCACIONAL PEQUENO CIDADAO,1500602,PA,publica,4,2016,2017,auto,94.4,90-95,15590801,EMEF CENTRO EDUCACIONAL PEQUENO CIDADAO,15587541,EMEF CENTRO EDUCACIONAL BATISTA INDEPENDENTE,15104982,CENTRO DE ED INFANTIL DEODORO DA FONSECA,,
73,OBMEP,COLEGIO ESTADUAL MINIS PETRONIO PORTELA,2800308,SE,publica,3,2024,2025,auto,96.3,95-<100,28019067,COLEGIO ESTADUAL MINISTRO PETRONIO PORTELA,28018818,COLEGIO ESTADUAL OLAVO BILAC,28018567,COLEGIO ESTADUAL 17 DE MARCO,,
74,OBMEP,PENITENCIARIA MASCULINA DE PIRACICABA,3538709,SP,publica,1,2024,2024,sem_match,62.5,60-70,,,,,,,,
75,OBMEP,ESCOLA MUNICIPAL PROFESSOR LUIZ PEREIRA ENSINO FUNDAMENTAL,2411403,RN,publica,2,2016,2024,revisao,87.4,85-90,24030430,EM PROF MARIA LETICIA DAMASCENO ENSINO FUNDAMENTAL,24075663,EM PROF OSVAGRIO RODRIGUES DE CARVALHO ENS FUND,24030716,EM FRANCISCA MENDES DA SILVA ENSINO FUNDAMENTAL,,
76,OBMEP,ESCOLA MUNICIPAL ENSINO FUNDAMENTAL CASTOR,3550308,SP,publica,12,2016,2019,revisao,89.9,85-90,35419461,EMEF BADRA,35053053,EMEF CASTRO ALVES,35249312,EMEF DIRCE GENESIO DOS SANTOS PROFA,,
77,OBMEP,ESCOLA ESTADUAL DE ENSINO FUNDAMENTAL JOAO ALFREDO SACHSER,4307054,RS,publica,1,2016,2016,sem_match,68.8,60-70,,,,,,,,
78,OBMEP,ESCOLA MUNICIPAL ESTEPHANIA DE CARVALHO,3304904,RJ,publica,1,2018,2018,auto,91.1,90-95,33090750,COLEGIO MUNICIPAL ESTEPHANIA DE CARVALHO,33090556,ESCOLA MUNICIPAL RAUL VEIGA,33090319,EM BARAO DE SAO GONCALO,,
79,OBMEP,SAO FCO DE ASSIS ESCOLA ESTADUAL ENSINO FUNDAMENTAL,4102000,PR,publica,1,2024,2024,revisao,89.9,85-90,41063945,SAO FRANCISCO DE ASSIS E EEF,41063600,BRAGANTINA C EEF M,41063619,CARLOS DRUMMOND DE ANDRADE E E EF,,
80,OBMEP,ESCOLA MUNICIPAL ENSINO FUNDAMENTAL ARTUR PESSOA,1500602,PA,publica,2,2017,2018,revisao,89.9,85-90,15140417,E M E F ARTUR TEIXEIRA,15105555,EMEF LEO HECK,15584380,EMEF DR ULYSSES GUIMARAES,,
81,OBMEP,ESCOLA ESTADUAL 20 DE SETEMBRO ENSINO FUNDAMENTAL E MEDIO,2408409,RN,publica,3,2017,2019,auto,100.0,100,24023701,ESCOLA ESTADUAL 20 DE SETEMBRO,24023680,ESCOLA MUNICIPAL ANTONIO CARLOS DE PAIVA,,,,
82,OBMEP,MELVIN JONES EEIEF,2304202,CE,publica,4,2017,2025,revisao,80.0,80-85,23163119,MELVIN JONES EEF,23163852,VICENTE ANTONIO BORGES EEIEF,23163410,EEMTI WILSON GONCALVES,,
83,OBMEP,TANCREDO NEVES C E PRESIDENTE E FUNDAMENTAL MEDIO,4110078,PR,publica,2,2017,2024,sem_match,69.2,60-70,,,,,,,,
84,OBMEP,AYRTON S DA SILVA CEEBJAEFM,4100400,PR,publica,1,2017,2017,sem_match,49.0,<60,,,,,,,,
85,OBMEP,CEEFM TEREZINHA A ROCHA ANEXO I NOVA OLINDA,2103158,MA,publica,3,2025,2025,sem_match,41.6,<60,,,,,,,,
86,OBMEP,COLEGIO BAHIENSE LTDA,3304557,RJ,privada,15,2017,2025,revisao,82.4,80-85,33177627,COLEGIO PH,33105405,COLEGIO PH,33157901,COLEGIO PH,,
87,OBMEP,ESCOLA MUNICIPAL ENSINO FUNDAMENTAL PE JOSE SCHARDONG,4305207,RS,publica,6,2017,2025,auto,97.1,95-<100,43045227,ESCOLA MUNICIPAL DE ENS FUND PADRE JOSE SCHARDONG,43044832,EMEF DOM PEDRO II,43171303,ESCOLA MUNICIPAL DE ENSINO FUNDAMENTAL DR OTTO FLACH,,
88,OBMEP,COLEGIO MADRE IMILDA,4305108,RS,privada,4,2017,2024,sem_match,66.7,60-70,,,,,,,,
89,OBMEP,COLEGIO ARCOVERDE UNIDADE MACEDO SOARES,3306305,RJ,privada,1,2025,2025,sem_match,43.8,<60,,,,,,,,
90,OBMEP,COLEGIO ESTADUAL JOHN KENNEDY,2800308,SE,publica,4,2017,2025,sem_match,72.7,70-80,,,,,,,,
91,OBMEP,ESCOLA DOUTOR CLAUDIO GUEIROS LEITE,2602902,PE,publica,7,2019,2025,auto,100.0,100,26129825,ESCOLA MUNICIPAL DR CLAUDIO GUEIROS LEITE,26153610,ESCOLA MUNICIPAL DOUTOR JOAO LOPES,26130890,ESCOLA MUNICIPAL DR RUI BARBOSA,,
92,OBMEP,REINEIRO DONATO PASTINA PREF EM,3512308,SP,publica,6,2017,2024,auto,93.9,90-95,35057800,REINEIRO DONATO PASTINA PREFEITO EM,35014692,ANIZIO FERRAZ GODINHO PROF,,,,
93,OBMEP,CEEFM HUMBERTO DE CAMPOS,2105005,MA,publica,1,2019,2019,revisao,85.7,85-90,21031509,CENTRO DE ENSINO HUMBERTO DE CAMPOS,21272719,CENTRO DE ENSINO HUMBERTO DE CAMPOS - ANEXO I - RAMPA,21030642,EM FILOMENO RABELO,,
94,OBMEP,ESCOLA MADAN,3205309,ES,privada,8,2024,2025,sem_match,66.7,60-70,,,,,,,,
95,OBMEP,HENRIQUE BOTELHO EM,3550704,SP,publica,21,2016,2024,auto,100.0,100,35277393,HENRIQUE BOTELHO EM,35280227,LUIZA HELENA DE BARROS PROFA EM,35221429,WALFRIDO MACIEL MONTEIRO EM,,
96,OBMEP,COLEGIO CURSO PROGRESSAO AGNUS SAO GONCALO,3304904,RJ,privada,1,2018,2018,sem_match,52.5,<60,,,,,,,,
97,OBMEP,ESCOLA ESTADUAL DE ENSINO FUNDAMENTAL DOUTOR THOMAZ PIRES,2516201,PB,publica,2,2017,2019,auto,97.3,95-<100,25018639,EEEFM DOUTOR THOMAZ PIRES,25018124,EEEF BATISTA LEITE,25018256,EEEF DE DEMONSTRACAO DE SOUSA,,
98,OBMEP,AGENOR COUTO DE MAGALHAES DOUTOR,3550308,SP,publica,1,2025,2025,auto,100.0,100,35000197,AGENOR COUTO DE MAGALHAES DOUTOR,35041063,LUIS MAGALHAES DE ARAUJO PROFESSOR,35001016,ALBERTO CARDOSO DE MELLO NETO DR,,
99,OBMEP,FCO DE CASTRO ESCOLA DE EDUC BASICA SGTO,2300754,CE,publica,3,2017,2025,sem_match,62.0,60-70,,,,,,,,
100,OBMEP,ESCOLA ESTADUAL ENSINO FUNDAMENTAL NOSSA SENHORA DO PERPETUO DO SOCORRO,2305506,CE,publica,5,2017,2025,revisao,87.1,85-90,23142588,PERPETUO SOCORRO EEFTI N SRA DO,23142693,CARLOTA TAVORA E E F,23143576,JOAO ROCHA FIALHO EEF,,
101,OBMEP,ESCOLA 1O DE MAIO,1200336,AC,publica,3,2016,2018,auto,100.0,100,12001805,ESC 1º DE MAIO,12002399,ESC BRAULINO VIEIRA DE ALENCAR,12002267,ESC PADRE EDSON DE OLIVEIRA DANTAS,,
102,OBMEP,COLEGIO ESTADUAL FRUTO DA TERRA,5205471,GO,publica,5,2016,2025,sem_match,62.2,60-70,,,,,,,,
103,OBMEP,CEB MARCELLA MARIA TERCEIRO GUASQUE BENTO,2313401,CE,publica,31,2016,2025,auto,94.9,90-95,23244682,ESCOLA CIVICO-MILITAR MARCELLA MARIA TERCEIRO GUASQUE BENTO,23011866,CORACAO DE MARIA CENTRO EDUCACIONAL,23222751,PROFESSORA HELENA MARIA DE SA RAMOS CENTRO EDUCACIONAL,,
104,OBMEP,ESCOLA NORMAL ESTADUAL JOSE DE PAIVA GADELHA,2516201,PB,publica,6,2017,2025,auto,91.4,90-95,25018582,EEEM JOSE DE PAIVA GADELHA,25018078,EEEFM ANDRE GADELHA,25018256,EEEF DE DEMONSTRACAO DE SOUSA,,
105,OBMEP,INSTITUTO FEDERAL DO NORTE DE MINAS GERAIS CAMPUS MONTES CLAROS,3143302,MG,publica,59,2016,2025,revisao,87.0,85-90,31349607,IFNMG - CAMPUS MONTES CLAROS,31081817,EE DE APARECIDA DO MUNDO NOVO,31081736,EE JOAO DE FREITAS NETO,,
106,OBMEP,EVALDO TALYULY C E E FUNDAMENTAL MEDIO,4125753,PR,publica,2,2018,2018,auto,90.9,90-95,41067630,EVALDO TALYULY C E DO CEF M,41067738,SAO PEDRO C EEF M,,,,
107,OBMEP,ESCOLA ESTADUAL PROFESSOR ANTONIO GONCALVES LANNA,3152105,MG,publica,6,2018,2025,auto,100.0,100,31129062,EE PROFESSOR ANTONIO GONCALVES LANNA,31338877,EE ANTONIO COELHO,31129101,EE SENADOR ANTONIO MARTINS,,
108,OBMEP,COLEGIO ESTADUAL DOUTOR JOSE AROUCHE,2111706,MA,publica,2,2016,2019,sem_match,72.2,70-80,,,,,,,,
109,OBMEP,INSTITUTO FEDERAL DE EDUCACAO CIENCIA E TECNOLOGIA DO PARA CAMPUS ABAETETUBA,1500107,PA,publica,5,2016,2016,revisao,87.2,85-90,15587908,IFPA - CAMPUS ABAETETUBA,15177416,ESCOLA ESTADUAL RURAL DE ABAETETUBA,15145450,CENTRO DE EDUCACAO DE JOVENS E ADULTOS PROF MARIA OSCARINA SILVA PEREIRA,,
110,OBMEP,FILGUEIRAS LIMA EEFM,2305506,CE,publica,2,2024,2025,auto,92.7,90-95,23142804,EEMTI FILGUEIRAS LIMA,23246669,EEEP LUCAS EMMANUEL LIMA PINHEIRO,23142332,EEEP AMELIA FIGUEIREDO DE LAVOR,,
111,OBMEP,ESCOLA ESTADUAL N SENHORA DA GUIA,3112703,MG,publica,6,2017,2025,auto,96.9,95-<100,31079782,EE NOSSA SENHORA DA GUIA,31079774,EE DONA EDITH SILVEIRA,31079791,EE NORTE MINEIRA,,
112,OBMEP,ESCOLA ESTADUAL CAMPO BONITO,3520509,SP,publica,1,2025,2025,auto,100.0,100,35010731,CAMPO BONITO,35909427,SUZANA BENEDICTA GIGO AYRES PROFESSORA,35462378,SUELY MARIA CACAO AMBIEL BATISTA PROFESSORA,,
113,OBMEP,INSTITUTO TERESA VALSE,3170206,MG,privada,20,2017,2025,sem_match,39.3,<60,,,,,,,,
114,OBMEP,ESCOLA MUNICIPAL ENSINO FUNDAMENTAL PROFESSOR MARIA MAGDALENA PISA,3205002,ES,publica,1,2019,2019,auto,99.2,95-<100,32036507,EMEF PROFESSORA MARIA MAGDALENA PISA,32067704,EMEF PROF VALERIA MARIA MIRANDA,32068034,EMEF MARIA ANSELMO,,
115,OBMEP,ESCOLA ESTADUAL HOMERO ORLANDO RIBEIRO,5211503,GO,publica,3,2016,2025,sem_match,73.3,70-80,,,,,,,,
116,OBMEP,ESCOLA MUNICIPAL ENSINO FUNDAMENTAL CRISTO REI,1507300,PA,publica,1,2018,2018,revisao,86.4,85-90,15590313,E M E F JOAO CIRO DE MOURA,15585832,E M E F NOSSA SENHORA APARECIDA,15579972,E M E F NOSSA SENHORA DE NAZARE,,
117,OBI,COLEGIO VISCONDE DE PORTO SEGURO CAMPUS MORUMBI,3550308,SP,desconhecida,25,2019,2025,sem_match,77.8,70-80,,,,,,,,
118,OBMEP,SOROCABANA ORGANIZACAO DE ENSINO INSTITUTO EDUCACAO,3552205,SP,privada,11,2017,2025,sem_match,61.7,60-70,,,,,,,,
119,OBMEP,EB MUNICIPAL HEDI KLEIN MATZENBACHER,4207601,SC,publica,40,2016,2025,auto,95.7,95-<100,42134897,ESCOLA BASICA MUNICIPAL HEDI KLEIN MATZENBACHER,42133050,ESCOLA BASICA MUNICIPAL WALDOMIRO LIESSEN,42051169,EEB CARLOS FRIES,,
120,OBMEP,CENTRO DE ENSINO TECNICO IDEAL,1501402,PA,privada,77,2017,2025,sem_match,63.3,60-70,,,,,,,,
121,OBMEP,RIO BRANCO C E BAR DO E FUNDAMENTAL MED NORMAL,4108304,PR,publica,9,2016,2025,sem_match,69.1,60-70,,,,,,,,
122,OBMEP,CICERO FERREIRA DOS SANTOS EEIEF,2310308,CE,publica,6,2016,2024,revisao,89.7,85-90,23106859,EEF CICERO FERREIRA DOS SANTOS,23108053,AMANCIO SIQUEIRA ROSA EEIEF,23545666,JOSE FIRMINO LO EEIEF,,
123,OBMEP,ESCOLA ESTADUAL N SENHORA DA PAZ,3162922,MG,publica,6,2016,2017,auto,96.8,95-<100,31009270,EE NOSSA SENHORA DA PAZ,31009288,EE PROFESSORA GERALDA EUGENIA DA SILVA,31309842,EE PADRE CARLOS ROBERTO MARQUES,,
124,OBMEP,ESCOLA MUNICIPAL D MARIA DO CARMO ALVARES SILVA,3143500,MG,publica,6,2016,2018,auto,97.8,95-<100,31268755,ESCOLA MUNICIPAL DONA MARIA DO CARMO ALVARES DA SILVA,31039021,ESCOLA MUNICIPAL PROFESSOR ANTONIO RIBEIRO,31034584,EE FREI ORLANDO,,
125,OBMEP,GINASIO MUNICIPAL DE SERRA GRANDE,2932903,BA,publica,1,2025,2025,sem_match,62.9,60-70,,,,,,,,
126,OBMEP,CENTRO ENSINO FUNDAMENTAL MIGUEL ARCANJO,5300108,DF,publica,16,2016,2024,auto,100.0,100,53068211,CEF MIGUEL ARCANJO,53000919,CEF GAN,53009797,CEF JATAI,,
127,OBMEP,ESCOLA DE EDUCACAO BASICA DA URI FRED WESTPHALEN,4308508,RS,privada,1,2024,2024,sem_match,52.9,<60,,,,,,,,
128,OBMEP,ESCOLA ESTADUAL DE ENSINO MEDIO RONDONIA,4305116,RS,publica,7,2016,2025,auto,93.9,90-95,43018980,ESC EST ENS MED RONDONIA,,,,,,
129,OBMEP,LUIS MENEZES PIMENTEL ESCOLA MUNICIPAL ENSINO FUNDAMENTAL,2312205,CE,publica,2,2016,2017,revisao,84.3,80-85,23033720,PAULA PESSOA ESC MUL ENS FUND,23032359,FRANCISCO DE ASSIS PARENTE ESC MUL ENS FUND,23032189,CONCEICAO CATUNDA ESC MUL ENS FUND,,
130,OBMEP,COLEGIO ESTADUAL PROFESSORA JULIA H DE SOUZA EFM,4119608,PR,publica,3,2016,2025,sem_match,69.6,60-70,,,,,,,,
131,OBMEP,EEB PROFESSORA GENI COMEL,4204202,SC,publica,4,2016,2019,auto,98.0,95-<100,42053625,EEB PROF GENI COMEL,42053900,EEB PROF NELSON HOROSTECKI,42052297,EEB PROF IRENE STONOGA,,
132,OBMEP,COLEGIO ESTADUAL PADRE PEDRO CANISIO HENZ,4104808,PR,publica,5,2016,2018,sem_match,67.5,60-70,,,,,,,,
133,OBMEP,ANITA CANET C E E FUNDAMENTAL MEDIO,4112009,PR,publica,4,2017,2025,revisao,81.1,80-85,41058348,ANITA CANET C E CMEF M,41058453,MILTON SGUARIO C E CEF M PROFIS,41058585,RODRIGUES ALVES C EEF M N PROFIS,,
134,OBMEP,COLEGIO ESTADUAL THOMAS ADORNO,5214606,GO,publica,5,2016,2025,auto,96.7,95-<100,52008746,COLEGIO ESTADUAL THOMAZ ADORNO,52008738,COLEGIO ESTADUAL PROFESSOR JOAQUIM FRANCISCO SANTIAGO,52008657,COLEGIO ESTADUAL DA POLICIA MILITAR DE GOIAS PAULO FRANCISCO DA SILVA,,
135,OBMEP,COLEGIO MOTIVA ORIENTAL,2507507,PB,privada,9,2024,2025,sem_match,66.7,60-70,,,,,,,,
136,OBMEP,EMREB NOVO RENASCER,5103403,MT,publica,2,2024,2024,auto,94.7,90-95,51039575,EMEBC NOVO RENASCER,51040654,EMEBC NOSSA SENHORA DA PENHA DE FRANCA,51037548,EMEBC NOVA ESPERANCA,,
137,OBMEP,COLEGIO ESTADUAL SAO JOAO,5201454,GO,publica,1,2024,2024,auto,100.0,100,52051684,COLEGIO ESTADUAL SAO JOAO,52051692,ESC MUL VEREADOR JOAO JUSTINO,,,,
138,OBMEP,ESCOLA ESTADUAL DE ENSINO FUNDAMENTAL DE PINHAL,4302402,RS,publica,1,2016,2016,revisao,89.9,85-90,43025170,ESC EST ENS FUN DE BRASILIA,43025048,EMEF ANITA FERREIRA DE MORAES,43214924,EMEF IRMAS PIVATTO,,
139,OBMEP,ESCOLA MUNICIPAL ENSINO FUNDAMENTAL EDWALDO HENRIQUE DREWS,4309753,RS,publica,1,2024,2024,sem_match,75.3,70-80,,,,,,,,
140,OBMEP,EBM BILINGUE PROFESSORA NEMESIA MARGARIDA,4202404,SC,publica,2,2024,2025,auto,91.8,90-95,42015561,EBMB PROFª NEMESIA MARGARIDA,42015464,EBM BILINGUE PROFª NORMA DIGNART HUBER,42015731,EBM BILINGUE PROFESSOR FERNANDO OSTERMANN,,
141,OBMEP,CRESCER CENTRO DE DESENV RECREACAO E ORIENT INFANTIL JUVENIL,3505906,SP,privada,3,2018,2025,sem_match,39.1,<60,,,,,,,,
142,OBMEP,ESCOLA ESTADUAL BAIRRO AGUAS CLARAS,3507605,SP,publica,1,2018,2018,sem_match,48.6,<60,,,,,,,,
143,OBMEP,TIP TOE ALPHAVILLE S MONTESSORI SCHOOL,3547304,SP,privada,1,2024,2024,sem_match,30.8,<60,,,,,,,,
144,OBMEP,CEEBJA PROFESSOR MANOEL MACHADO E FUNDAMENTAL MEDIO,4113700,PR,publica,13,2016,2024,sem_match,66.7,60-70,,,,,,,,
145,OBMEP,COLEGIO ESTADUAL CIVICO MILITAR PROFESSOR LUIZ CARLOS DE PAULA SOUZA EFM,4106902,PR,publica,3,2024,2025,revisao,80.0,80-85,41131215,COLEGIO MILITAR DE CURITIBA,41130669,LUIZ CARLOS P E SOUZA C E CM PROFEF M,41387848,MARLI QUEIROZ AZEVEDO CE PROFA EF M P,,
146,OBMEP,COLEGIO NSRA DA ANUNCIACAO,1500800,PA,privada,1,2017,2017,sem_match,67.8,60-70,,,,,,,,
147,OBMEP,COLEGIO REGIONAL DE JEQUITIBA,2922102,BA,publica,3,2016,2019,auto,100.0,100,29087104,COLEGIO REGIONAL DE JEQUITIBA,29087147,COLEGIO IBIAPORA,29086566,COLEGIO MUNICIPAL JOSE CARLOS DA MOTA,,
148,OBMEP,TEOTONIO VILELLA C E DOUTOR E FUNDAMENTAL MED,4117305,PR,publica,1,2018,2018,revisao,85.1,85-90,41054806,TEOTONIO VILELLA C E C DREF M,41054873,VISTA ALEGRE C E C EI EF M,41054350,MACHADO DE ASSIS C E CEF M,,
149,OBMEP,04 20 030 E M TENENTE ANTONIO JOAO,3304557,RJ,publica,5,2016,2024,revisao,83.1,80-85,33086206,1120030 EM TENENTE ANTONIO JOAO,33083177,0918007 EM PRESIDENTE ANTONIO CARLOS,33163677,0123004 EM JUAN ANTONIO SAMARANCH,,
150,OBMEP,RUI BARBOSA COLEGIO ESTADUAL ENSINO FUNDAMENTAL MEDIO,4100301,PR,publica,24,2016,2025,revisao,82.2,80-85,41141482,RUI BARBOSA C E CEF M,,,,,,
151,OBMEP,PARQUE RESIDENCIAL 24 DE MAIO,3507506,SP,publica,1,2017,2017,sem_match,47.5,<60,,,,,,,,
152,OBMEP,COLEGIO RUBIA COELHO,3127701,MG,privada,3,2018,2019,sem_match,54.2,<60,,,,,,,,
153,OBMEP,ESCOLA ESTADUAL PROFESSORA LEA ROSA MELO ANDREGUETTI,3504008,SP,publica,1,2017,2017,revisao,80.0,80-85,35903632,LEA ROSA MELO ANDREGHETTI PROFA,35033182,FRANCISCA RIBEIRO MELLO FERNANDES PROFA,35033212,CLEOPHANIA GALVAO DA SILVA PROFA,,
154,OBMEP,COLEGIO SAO JOSE,2103000,MA,privada,2,2017,2019,auto,100.0,100,21155844,COLEGIO SAO JOSE,21156280,ESC CASTRO ALVES E JI MORANGUINHO,,,,
155,OBMEP,COLEGIO ESTADUAL REPUBLICA ITALIANA,3304110,RJ,publica,2,2017,2024,auto,100.0,100,33032130,CE REPUBLICA ITALIANA,33032122,CIEP BRIZOLAO 487 OSWALDO LUIZ GOMES,33032173,ESCOLA MUNICIPAL MARINA GRACIANI FONTANEZZI,,
156,OBMEP,COLEGIO NOVO PATIO,3550308,SP,privada,1,2024,2024,sem_match,77.8,70-80,,,,,,,,
157,OBMEP,RDO MARQUES DE ALMEIDA ESCOLA DE ENSINO FUNDAMENTAL,2311306,CE,publica,8,2016,2025,auto,95.7,95-<100,23100672,RAIMUNDO MARQUES DE ALMEIDA -EEF,23273410,RACHEL DE QUEIROZ EEF,23100915,MARIA MAIA DE FREITAS EEF,,
158,OBMEP,ESCOLA MUNICIPAL SANTA TEREZINHA,3303906,RJ,publica,1,2024,2024,auto,92.8,90-95,33041784,ESCOLA MUNICIPALIZADA SANTA TEREZINHA,33133301,ESCOLA MUNICIPAL ANA MOHAMMAD,33040770,E M STEFAN ZWEIG,,
159,OBMEP,ESCOLA ESTADUAL MAGNO CLARET,3149309,MG,publica,1,2019,2019,auto,100.0,100,31009768,EE MAGNO CLARET,31009806,EE ROMERO DE CARVALHO,31009709,EE RUI BARBOSA,,
160,OBMEP,COLEGIO ESTADUAL NICE LOBAO,2108900,MA,publica,7,2016,2017,sem_match,78.6,70-80,,,,,,,,
161,OBMEP,CED PROJECAO TAGUATINGA NORTE,5300108,DF,privada,1,2019,2019,sem_match,58.6,<60,,,,,,,,
162,OBMEP,ESCOLA ESTADUAL CORONEL BENTO DE GODOY,5204508,GO,publica,12,2018,2025,auto,90.9,90-95,52058522,COLEGIO ESTADUAL CORONEL BENTO DE GODOY,52075311,CENTRO ESTADUAL DE EDUCACAO DE JOVENS E ADULTOS FILOSTRO MACHADO CARNEIRO,52071871,ESCOLA MUNICIPAL WALDOMIRO GONCALVES DE SOUZA,,
163,OBMEP,ESCOLA ESTADUAL PROFESSORA ELIZABETH MARIA BASTOS MINEIRO,5108402,MT,publica,1,2017,2017,auto,99.1,95-<100,51093138,EE PROF ELIZABETH MARIA BASTOS MINEIRO,51043211,EE PROF MARIA LEITE MARCOSKI,51043394,EE PROF ELMAZ GATTAS MONTEIRO,,
164,OBMEP,COLEGIO FARIAS BRITO JOVEM CARIRI,2304202,CE,privada,1,2025,2025,sem_match,49.1,<60,,,,,,,,
165,OBMEP,COLEGIO DULCE DE SOUZA LEAO LTDA,2611606,PE,privada,1,2024,2024,sem_match,70.0,70-80,,,,,,,,
166,OBMEP,UNIDADE ESCOLA CECILIA LACERDA,2206209,PI,publica,2,2025,2025,sem_match,71.4,70-80,,,,,,,,
167,OBMEP,ESCOLA ESTADUAL DOUTOR SILVIO B MELO ENSINO 1 E2 GRAUS,2403103,RN,publica,2,2016,2019,revisao,89.5,85-90,24035521,ESCOLA ESTADUAL DOUTOR SILVIO BEZERRA MELO,24035491,ESCOLA ESTADUAL MANOEL SALUSTINO,24035548,ESCOLA ESTADUAL TRISTAO DE BARROS,,
168,OBMEP,MACHADO DE ASSIS DE B FERRAZ C E EFMP,4102505,PR,publica,4,2018,2019,sem_match,74.6,70-80,,,,,,,,
169,OBMEP,COMUNIDADE EDUCACIONAL O PEQUENO PRINCIPE LTDA,5208707,GO,privada,3,2024,2025,sem_match,57.9,<60,,,,,,,,
170,OBMEP,COLEGIO ESTADUAL OSEAS BORGES GUIMARAES,5209101,GO,publica,2,2017,2019,sem_match,72.1,70-80,,,,,,,,
171,OBMEP,JARDINS COLEGIO,3509502,SP,privada,3,2017,2024,sem_match,69.0,60-70,,,,,,,,
172,OBMEP,TERRAS DO ENGENHO CENTRO EDUCACIONAL,3538709,SP,privada,14,2017,2025,revisao,80.0,80-85,35113712,SESI 085 CENTRO EDUCACIONAL,35113700,ESCOLA SESI NILTON TORRES DE BASTOS,,,,
173,OBMEP,ESCOLA MUNICIPAL ENSINO FUNDAMENTAL ADAMASTOR FURTADO,3205101,ES,publica,3,2016,2024,auto,100.0,100,32037619,EMEF ADAMASTOR FURTADO,32037651,EMEF DORIVAL BRANDAO,32037732,EMEF ORESTES SOUTO NOVAES,,
174,OBMEP,OBJETIVO COLEGIO I UNIDADE PINHEIROS,3550308,SP,privada,10,2017,2025,sem_match,77.8,70-80,,,,,,,,
175,OBMEP,ESCOLA ESTADUAL ENSINO FUNDAMENTAL MEDIO D JOAO BATISTA DA M ALBUQUERQUE,3205002,ES,publica,6,2017,2025,auto,98.6,95-<100,32036116,EEEFM D JOAO BATISTA DA MOTTA E ALBUQUERQUE,32036213,EEEFM MARINGA,32035390,EEEFM CAMPINHO,,
176,OBMEP,ABC MASTER ESCOLA DE ENSINO FUNDAMENTAL,3513504,SP,privada,1,2018,2018,sem_match,56.0,<60,,,,,,,,
177,OBMEP,EDUARDO NORMANDIA DE ALBUQUERQUE ESCOLA ESTADUAL ENSINO FUNDAMENTAL,2302602,CE,publica,4,2017,2025,auto,90.1,90-95,23002573,EMTIEF EDUARDO NORMANDIA DE ALBUQUERQUE,23003286,EEF SANTO ANTONIO I,23003294,ANTONIO EEF SANTO II,,
178,OBMEP,CAXIAS C E DUQUE E FUNDAMENTAL MED,4127908,PR,publica,6,2016,2024,sem_match,64.5,60-70,,,,,,,,
179,OBMEP,ESCOLA MUNICIPAL AMPHILOPIO DA SILVA GONDIM,2901304,BA,publica,1,2016,2016,auto,98.9,95-<100,29212626,ESCOLA MUNICIPAL AMPHILOPHIO DA SILVA GONDIM,29999758,ESCOLA MUNICIPAL PROFESSORA DARCY PINA DANTAS,29384052,COLEGIO MUNICIPAL ANTONIO CARLOS MAGALHAES,,
180,OBMEP,ARGEU G B HERBSTER EEFM DOUTOR,2307700,CE,publica,30,2016,2019,sem_match,46.7,<60,,,,,,,,
181,OBMEP,ESMERALDO SOARES TARQUINIO DE CAMPOS FILHO,3551009,SP,publica,5,2017,2019,auto,100.0,100,35049153,ESMERALDO SOARES TARQUINIO DE CAMPOS FILHO,35909889,OSWALDO DOS SANTOS SOARES PROFESSOR DOUTOR,35230900,UNIDADE EDUCACIONAL SAULO TARSO MARQUES DE MELLO,,
182,OBMEP,JOAO BAGOZZI COLEGIO PE ENSINO FUNDAMENTAL EM P ROF E NORMAL,4106902,PR,privada,16,2017,2025,sem_match,78.9,70-80,,,,,,,,
183,OBMEP,CSTI ELDA CAVALCANTE LIMA,2312908,CE,publica,4,2024,2025,auto,93.9,90-95,23274506,ETI ELDA CAVALCANTE LIMA,23220058,ESCOLA ANTONIO CUSTODIO DE AZEVEDO,23275456,ETI FRANCISCO DAS CHAGAS COSTA,,
184,OBMEP,INSTITUTO ESTADUAL DE EDUCACAO IRMAO GETULIO,4322509,RS,publica,45,2016,2025,auto,92.8,90-95,43163025,INST EST EDUC IRMAO GETULIO,43164064,ESC EST ENS FUN DALVA ZANOTTO DE LEMOS,43164080,ESC EST ENS FUN NOSSA SENHORA DA OLIVEIRA,,
185,OBMEP,EEB PROFESSORA MARIA JOSE B VIEIRA,4216602,SC,publica,2,2017,2018,auto,98.5,95-<100,42003520,EEB PROF MARIA JOSE B VIEIRA,42003946,EEB PROFESSORA PALMIRA LIMA MAMBRINI,42003849,EEB PROF MARIA DO CARMO LOPES,,
186,OBMEP,UE JOSE H DE OLIVEIRA,2112506,MA,publica,1,2016,2016,revisao,86.5,85-90,21210187,UI JOSE HENRIQUE DE OLIVEIRA,21034788,UNIDADE INTEGRADA SAMUEL OLIVEIRA,21034435,UNIDADE INTEGRADA PADRE JOSE DE ANCHIETA,,
187,OBMEP,EEEMTI JOSE DE ALENCAR,1400472,RR,publica,1,2024,2024,revisao,81.1,80-85,14005093,ESCOLA ESTADUAL DE ENSINO MEDIO EM TEMPO INTEGRAL JOSE DE ALENCAR,14005085,ESCOLA ESTADUAL JOSE BONIFACIO,14004852,ESCOLA ESTADUAL 1º DE MAIO,,
188,OBMEP,EEEIF BARAO DO RIO BRANCO,1501402,PA,publica,3,2016,2025,revisao,86.4,85-90,15039595,ESCOLA ESTADUAL BARAO DO RIO BRANCO,15039153,COLEGIO TENENTE REGO BARROS,15043576,ESCOLA ESTADUAL PRESIDENTE CASTELO BRANCO,,
189,OBMEP,GRUPO MUNICIPAL BARAO DE ALAGOAS,2708402,AL,publica,1,2025,2025,revisao,84.2,80-85,27008592,EMEIF BARAO DE ALAGOAS,27008657,EMEIF PEDRO FRANCISCO DAS CHAGAS,27008398,EMEIF PEDRO ALEXANDRINO DOS ANJOS,,
190,OBMEP,UE DEPUTADO EDSON LOBAO,2104206,MA,publica,2,2018,2018,sem_match,75.7,70-80,,,,,,,,
191,OBMEP,ESCOLA MUNICIPAL ENSINO FUNDAMENTAL SANTA MARIA,1504307,PA,publica,1,2019,2019,revisao,85.4,85-90,15548813,E M E F FRANCISCO NUNES,15542661,E M E F EZEQUIEL LISBOA,15542513,E M E F PRESIDENTE KENNEDY,,
192,OBMEP,ESCOLA MUNICIPAL PRESIDENTE JOSE SARNEY,2103257,MA,publica,4,2016,2019,sem_match,50.7,<60,,,,,,,,
193,OBMEP,EEB REGENTE FEIJO,4209904,SC,publica,3,2018,2025,auto,100.0,100,42026660,EEB REGENTE FEIJO,42026679,EEB CECILIA BERTHA HILDEGARD CARDOSO,,,,
194,OBMEP,INSTITUTO EMILIA FERREIRO,3106200,MG,privada,1,2024,2024,sem_match,50.0,<60,,,,,,,,
195,OBMEP,UNIDADE ESCOLAR GABRIEL FERREIRA,2211001,PI,publica,2,2024,2025,sem_match,73.7,70-80,,,,,,,,
196,OBMEP,ESCOLA DE 1O E 2O G EUTIMIO DE SOUZA CABRAL,2602209,PE,publica,1,2019,2019,revisao,85.7,85-90,26067080,ESCOLA MUNICIPAL EUTIMIO DE SOUZA CABRAL,26067099,ESCOLA 19 DE JULHO,26067110,ESCOLA JOAO DE MOURA CAVALCANTI,,
197,OBMEP,COLEGIO DA POLICIA MILITAR ALFREDO VIANNA,2918407,BA,publica,33,2016,2025,auto,100.0,100,29025028,COLEGIO DA POLICIA MILITAR ALFREDO VIANNA,29024927,COLEGIO MUNICIPAL DOM AVELAR BRANDAO VILELA,29408628,COLEGIO ESTADUAL ARTUR OLIVEIRA DA SILVA TEMPO INTEGRAL,,
198,OBMEP,JOAO BAIA SOBRINHO ESCOLA 1 GR,2312700,CE,publica,5,2016,2025,revisao,83.7,80-85,23122382,JOAO BAIA SOBRINHO EEIFTI,23121955,GERALDO GONCALVES DO NASCIMENTO JUNIOR EEFTI,23229438,JOSE ANTONIO DE SOUZA EEIEF,,
199,OBMEP,COLEGIO PARAISO DA CULTURA,2304202,CE,privada,1,2017,2017,sem_match,52.0,<60,,,,,,,,
200,OBMEP,ESCOLA MUNICIPAL ENSINO FUNDAMENTAL DOUTOR ABEL AUGUSTO DE V CHAVES,1504307,PA,publica,4,2016,2019,revisao,89.9,85-90,15050203,E M E F DOUTOR ABEL AUGUSTO VASCONCELOS CHAVES,15050050,E M E F BERTOLDO COSTA,15542661,E M E F EZEQUIEL LISBOA,,
