id,status,evidencia,divergencia
T0.1,PARCIAL,"data/{raw,interim,processed}, src/, docs/, config/ existem; .gitignore cobre data/raw e data/interim; notebooks/ so tem .gitkeep (sem 00..06)","progresso.md declara concluida; admite falta dos notebooks"
T0.2,CONCLUIDA-VERIFICADA,docs/convencoes.md existe,
T0.3,CONCLUIDA-VERIFICADA,src/setup.py e requirements.txt existem (scipy/numpy nao fixados),
T1.1,CONCLUIDA-VERIFICADA,inventario ENEM em docs; raw tem so 2023-2025,
T1.2,PARCIAL,data/interim/enem_2023..2025.parquet; faltam 2016-2022,
T1.3,CONCLUIDA-VERIFICADA,docs/dicionario_enem.md,
T1.4,CONCLUIDA-VERIFICADA,limitacao registrada em docs/lacunas_enem.md,"plano pedia docs/lacunas.md (que so trata da OBMEP)"
T1.5,CONCLUIDA-COM-PROBLEMA,interim/saeb_escola.parquet 224270 linhas; ids de escola/municipio mascarados no Saeb; sem Saeb 2025,
T1.6,CONCLUIDA-VERIFICADA,docs/eda_saeb.md; numeros conferidos por amostragem,
T1.7,CONCLUIDA-COM-PROBLEMA,existem ideb_escola e ideb_municipio; NAO existem interim/ideb.parquet inse.parquet taxa_rendimento.parquet,
T1.8,CONCLUIDA-COM-PROBLEMA,OBMEP so 2016-2019/2024/2025 (6/10); config/obmep_anos.yaml vazio,
T1.9,CONCLUIDA-COM-PROBLEMA,OBI 9 anos; falta 2018 (404 na fonte),
T1.10,PARCIAL,ONHB nao coletada (0/10 anos),
T1.11,CONCLUIDA-VERIFICADA,docs/cobertura_olimpiadas.md confere com dados,
T1.12,CONCLUIDA-VERIFICADA,docs/backlog_olimpiadas.md,
T1.13,CONCLUIDA-COM-PROBLEMA,interim/dim_escola_base.parquet (53773 escolas) existe mas e provisoria (so Ideb; 1244 privadas); sem Censo,"progresso.md/decisoes_pendentes/lacunas_saeb/avaliacao dizem que NAO foi gerada"
T1.14,CONCLUIDA-VERIFICADA,dim_municipio_base 5571 municipios; malha IBGE em data/raw/ibge,
T1.15,CONCLUIDA-VERIFICADA,docs/mec_secretarias.md,
T1.16,CONCLUIDA-VERIFICADA,docs/mec_secretarias.md,
T1.17,BLOQUEADA-POR-HUMANO,docs/dados_internos_ip.md esqueleto; nenhum dado real acessado,
T1.18,BLOQUEADA-POR-HUMANO,docs/dados_internos_ip.md esqueleto,
T1.19,CONCLUIDA-VERIFICADA,docs/relatorio_qualidade_viabilidade.md existe,"desatualizado (diz que linkage nao e possivel e dim_escola_base nao existe)"
T2.1,CONCLUIDA-VERIFICADA,src/chaves.py; chaves 7/8 digitos string sem perda de zeros,"sem linha em progresso.md"
T2.2,CONCLUIDA-VERIFICADA,src/chaves.py normalizacao; docs/chaves_e_normalizacao.md,"sem linha em progresso.md"
T2.3,CONCLUIDA-COM-PROBLEMA,linkage 70.2% auto 12.7% revisao 17.1% sem match; OBMEP privada 17.7% auto; OBI 22.6%; precisao nunca medida,"sem linha em progresso.md"
T2.4,CONCLUIDA-VERIFICADA,interim/aluno_dedup.parquet 284127 alunos; aluno_key unico,"sem linha em progresso.md"
T2.5,CONCLUIDA-VERIFICADA,src/renda.py = config/renda.yaml = docs; recalculo 90.52/90.91/91.17% bate (proxy quase saturado),"sem linha em progresso.md"
T2.6,CONCLUIDA-VERIFICADA,src/rede.py,"sem linha em progresso.md"
T2.7,PARCIAL,src/recortes.py; sem mapeamento nivel da olimpiada para EF2/EM; ENEM so EM,"sem linha em progresso.md"
T2.8,CONCLUIDA-VERIFICADA,interim/agg_*.parquet,"sem linha em progresso.md"
T2.9,CONCLUIDA-VERIFICADA,supressao: 0 violacoes em agg_enem/agg_medalhas/rankings (mas taxa_medalhas_100k em municipio_features viola n<10),"sem linha em progresso.md"
T2.10,PARCIAL,src/lgpd.py e config/lgpd.yaml (sal fora do git) existem; docs/lgpd.md NAO existe; assert_sem_nomes inexistente,
T2.11,NAO INICIADA,src/processed.py existe mas nunca executado; sem dim_*/fato_*/processed/v1,
T3.1,CONCLUIDA-VERIFICADA,escopo definido no plano (indice+KMeans+residuos),
T3.2,CONCLUIDA-COM-PROBLEMA,processed/municipio_features.parquet; config/pesos.yaml justificado; c_talento invertido em municipios pequenos; le de interim; 1000 municipios sem indice,
T3.3,CONCLUIDA-VERIFICADA,KMeans random_state=42; k=3 silhouette 0.290 (nao reexecutado),
T3.4,CONCLUIDA-COM-PROBLEMA,processed/residuos.parquet; usa renda ENEM no lugar de INSE,
T3.5,CONCLUIDA-COM-PROBLEMA,processed/rankings.parquet 196956 linhas; 0 duplicatas (entidade tipo recorte metrica) mas varias metricas por municipio em recorte geral; empates massivos; sem coluna ano; defasado vs codigo,
T4.1,PARCIAL,amostra_rotulagem.csv 200 linhas 0 rotuladas; precisao/recall reais inexistentes; silhouette/DB/R2/RMSE/MAE implementados,
T4.2,BLOQUEADA-POR-HUMANO,esqueleto docs; sem dado IP,
T4.3,CONCLUIDA-VERIFICADA,sensibilidade implementada; grid tem 24 cenarios distintos nao 26,
T4.4,CONCLUIDA-VERIFICADA,vies por regiao/porte; sexo so ENEM 2023,
T4.5,BLOQUEADA-POR-HUMANO,docs/ata_validacao_ip.md e validacao_negocio_template.md,
T5.1,NAO INICIADA,sem processed/v1 nem .duckdb,
T5.2,NAO INICIADA,sem docs/dicionario_dados.md nem linhagem.md,
T5.3,NAO INICIADA,sem notebooks/ache_um_ip_colab.ipynb; sem gerador,
T5.4,PARCIAL,so run_fase4 e run_fase5; sem run_fase2/run_fase3; poucos aceitam ano,
T5.5,NAO INICIADA,sem docs/contrato_dados.md,
T5.6,NAO INICIADA,sem docs/relatorio_resultados.md,
